fold,rat,frame,image_miou,iou_background,iou_head,iou_body,iou_tail,csv_path
1,Rat3,1,0.818073281997779,0.9924561428051817,0.8365318711446196,0.9236666017020724,0.5196385123392423,data_full\Rat3\CSV\Thermal_1_CSV.csv
1,Rat3,2,0.8188909170123374,0.9928453742419627,0.8892808152067412,0.940848127761842,0.4525893508388038,data_full\Rat3\CSV\Thermal_2_CSV.csv
1,Rat3,3,0.7978842693959664,0.9912013454738453,0.7044578976334618,0.9089637719765583,0.5869140625,data_full\Rat3\CSV\Thermal_3_CSV.csv
1,Rat3,4,0.799464825995756,0.9917675561412178,0.5734058329214039,0.8603708791208792,0.7723150357995227,data_full\Rat3\CSV\Thermal_4_CSV.csv
1,Rat3,5,0.7951963850009193,0.9893657637840507,0.8675273645804098,0.9443368560836607,0.37955555555555553,data_full\Rat3\CSV\Thermal_5_CSV.csv
1,Rat3,6,0.8437761270430294,0.9862229556428715,0.7724761426418885,0.8959424267032567,0.7204629831841013,data_full\Rat3\CSV\Thermal_6_CSV.csv
1,Rat3,7,0.8702202554981765,0.9922631351962286,0.7796824666359871,0.8903152421189471,0.8186201780415431,data_full\Rat3\CSV\Thermal_7_CSV.csv
1,Rat3,8,0.756969315936535,0.9880447443025735,0.8715806715806715,0.9204439942601502,0.24780785360274496,data_full\Rat3\CSV\Thermal_8_CSV.csv
1,Rat3,9,0.854663140201187,0.9847757635046315,0.8743633276740238,0.9013556308683816,0.6581578387577112,data_full\Rat3\CSV\Thermal_9_CSV.csv
1,Rat3,10,0.8251226609597392,0.9860151205425225,0.8353310502283106,0.8813124947483405,0.5978319783197832,data_full\Rat3\CSV\Thermal_10_CSV.csv
1,Rat3,11,0.8075498319459615,0.9641902235347607,0.7929067641681902,0.8707073960737997,0.6023949440070961,data_full\Rat3\CSV\Thermal_11_CSV.csv
1,Rat3,12,0.7968865722729939,0.9707824866132767,0.8477161969912522,0.8593165755289948,0.5097310299584518,data_full\Rat3\CSV\Thermal_12_CSV.csv
1,Rat3,13,0.834990779489628,0.9783434457236521,0.8660606409297509,0.8902488449379914,0.6053101863671176,data_full\Rat3\CSV\Thermal_13_CSV.csv
1,Rat3,14,0.8052930384008558,0.9755214778665281,0.9026788528206744,0.8847186486184137,0.4582531742978069,data_full\Rat3\CSV\Thermal_14_CSV.csv
1,Rat3,15,0.9321535211938987,0.9953720038134989,0.9195485984710593,0.9550042480883603,0.8586892344026766,data_full\Rat3\CSV\Thermal_15_CSV.csv
1,Rat3,16,0.9170242111017031,0.9937608639372758,0.9226953286482017,0.9413929040735873,0.8102477477477478,data_full\Rat3\CSV\Thermal_16_CSV.csv
1,Rat3,17,0.8974086731178381,0.993209322183617,0.8810693641618497,0.9216671704957679,0.7936888356301178,data_full\Rat3\CSV\Thermal_17_CSV.csv
1,Rat3,18,0.9374009813672435,0.9941590570819422,0.9101658154341286,0.9503000571537435,0.8949789957991598,data_full\Rat3\CSV\Thermal_18_CSV.csv
1,Rat3,19,0.9209011217129636,0.9952072679185796,0.8900192760762476,0.9337846414216204,0.8645933014354067,data_full\Rat3\CSV\Thermal_19_CSV.csv
1,Rat3,20,0.8933306689881804,0.9918366204168483,0.8649398704902868,0.9425114211631066,0.7740347638824796,data_full\Rat3\CSV\Thermal_20_CSV.csv
1,Rat3,21,0.9141023967396325,0.9967042259628937,0.8160629036787419,0.9611128394293587,0.8825296178875355,data_full\Rat3\CSV\Thermal_21_CSV.csv
1,Rat3,22,0.8789995437902735,0.9933981595320591,0.8569975130002261,0.9445318646734855,0.721070637955323,data_full\Rat3\CSV\Thermal_22_CSV.csv
1,Rat3,23,0.9024554127795562,0.9910913649492078,0.9555716353111433,0.95482531752454,0.7083333333333334,data_full\Rat3\CSV\Thermal_23_CSV.csv
1,Rat3,24,0.8431296413875834,0.9940279146257611,0.8960065421834538,0.9322346433098997,0.5502494654312188,data_full\Rat3\CSV\Thermal_24_CSV.csv
1,Rat3,25,0.9172738823556043,0.9908807396827275,0.9141918646508279,0.940530861596798,0.8234920634920635,data_full\Rat3\CSV\Thermal_25_CSV.csv
1,Rat3,26,0.8997156316808808,0.9916543306848735,0.856744556558683,0.9371181184562006,0.813345521023766,data_full\Rat3\CSV\Thermal_26_CSV.csv
1,Rat3,27,0.8834193427079287,0.9902092128717516,0.9182012171026634,0.9296250091729654,0.6956419316843345,data_full\Rat3\CSV\Thermal_27_CSV.csv
1,Rat3,28,0.8512185604894619,0.9926360684237865,0.77836016473231,0.9042633134612494,0.7296146953405018,data_full\Rat3\CSV\Thermal_28_CSV.csv
1,Rat3,29,0.8472160010203431,0.990886818433806,0.7961879284400601,0.8937147230460155,0.7080745341614907,data_full\Rat3\CSV\Thermal_29_CSV.csv
1,Rat3,30,0.8430202693379804,0.9926917595043486,0.7447181043539162,0.8794799566630552,0.7551912568306011,data_full\Rat3\CSV\Thermal_30_CSV.csv
1,Rat3,31,0.9031001201234529,0.9907248610025595,0.8654788951333253,0.92506384531193,0.8311328790459966,data_full\Rat3\CSV\Thermal_31_CSV.csv
1,Rat3,32,0.9045126904179207,0.995896173937389,0.8442874692874693,0.8809513084996171,0.8969158099472075,data_full\Rat3\CSV\Thermal_32_CSV.csv
1,Rat3,33,0.8848191701245652,0.9968762986075406,0.8357438016528925,0.8703827623126338,0.8362738179251941,data_full\Rat3\CSV\Thermal_33_CSV.csv
1,Rat3,34,0.8998307590868749,0.9969869824912563,0.8321218414676359,0.8743379237288136,0.8958762886597939,data_full\Rat3\CSV\Thermal_34_CSV.csv
1,Rat3,35,0.9157316621982083,0.996591169818742,0.8999253969945646,0.9434845045629314,0.8229255774165953,data_full\Rat3\CSV\Thermal_35_CSV.csv
1,Rat3,36,0.876644596373464,0.9894278584441314,0.9110244594115562,0.9510891353735133,0.6550369322646551,data_full\Rat3\CSV\Thermal_36_CSV.csv
1,Rat3,37,0.9088156358382777,0.9949035879573414,0.918936170212766,0.9214227851830031,0.8,data_full\Rat3\CSV\Thermal_37_CSV.csv
1,Rat3,38,0.8787061058083196,0.9958576578191016,0.8792499123729408,0.8831683168316832,0.7565485362095532,data_full\Rat3\CSV\Thermal_38_CSV.csv
1,Rat3,39,0.8864506071785022,0.9963114853551409,0.8709985666507406,0.9280992949471211,0.7503930817610063,data_full\Rat3\CSV\Thermal_39_CSV.csv
1,Rat3,40,0.8258132428586782,0.9892144213624041,0.8434597228567078,0.9070792975824868,0.5634995296331138,data_full\Rat3\CSV\Thermal_40_CSV.csv
1,Rat3,41,0.8177632855727541,0.987818429899706,0.9069767441860465,0.9411234764175941,0.4351344917876696,data_full\Rat3\CSV\Thermal_41_CSV.csv
1,Rat10,1,0.8915134892495515,0.9944551484253781,0.8692029991668981,0.8499849079384244,0.8524109014675052,data_full\Rat10\CSV\Thermal_1_CSV.csv
1,Rat10,2,0.8895040309293639,0.9942661568339245,0.8438496741090001,0.9214506803714302,0.7984496124031008,data_full\Rat10\CSV\Thermal_2_CSV.csv
1,Rat10,3,0.7251765101567662,0.9874384142514883,0.855036855036855,0.9272448558457638,0.13098591549295774,data_full\Rat10\CSV\Thermal_3_CSV.csv
1,Rat10,4,0.8176539719746714,0.9980322219465918,0.6638795986622074,0.8596439169139466,0.7490601503759399,data_full\Rat10\CSV\Thermal_4_CSV.csv
1,Rat10,5,0.8572340341058122,0.9967266113002777,0.9040050858232677,0.9531056250704543,0.575098814229249,data_full\Rat10\CSV\Thermal_5_CSV.csv
1,Rat10,6,0.8516341373341054,0.9927826302203048,0.9201226108907321,0.9524548376371496,0.5411764705882353,data_full\Rat10\CSV\Thermal_6_CSV.csv
1,Rat10,7,0.8690087624361604,0.9932509108284059,0.8143845773603559,0.9141456348543094,0.7542539267015707,data_full\Rat10\CSV\Thermal_7_CSV.csv
1,Rat10,8,0.8244588905549709,0.9963114014508969,0.7170271093512032,0.9202284662858895,0.6642685851318945,data_full\Rat10\CSV\Thermal_8_CSV.csv
1,Rat10,9,0.8844097067207882,0.9931628829782989,0.9140257295262002,0.9460139398688497,0.6844362745098039,data_full\Rat10\CSV\Thermal_9_CSV.csv
1,Rat10,10,0.8026191922207451,0.9911384673530473,0.7900090415913201,0.8061317677756034,0.6231974921630095,data_full\Rat10\CSV\Thermal_10_CSV.csv
1,Rat10,11,0.7555370274136128,0.986146986051823,0.7675090252707581,0.7309920983318701,0.5375,data_full\Rat10\CSV\Thermal_11_CSV.csv
1,Rat10,12,0.9184328493481415,0.9983409514135771,0.9095907147220526,0.9649486674271492,0.8008510638297872,data_full\Rat10\CSV\Thermal_12_CSV.csv
1,Rat10,13,0.8251483875773545,0.9933667981355324,0.839396628216504,0.8799706990372541,0.5878594249201278,data_full\Rat10\CSV\Thermal_13_CSV.csv
1,Rat13,1,0.7543192815443126,0.9937065500760374,0.8903061224489796,0.9207149906788025,0.21254946297343133,data_full\Rat13\CSV\Thermal_1_CSV.csv
1,Rat13,2,0.8571771552311436,0.9925529977161592,0.9056248931441272,0.9005747829277241,0.6299559471365639,data_full\Rat13\CSV\Thermal_2_CSV.csv
1,Rat13,3,0.8714111685157973,0.9936629441269509,0.8786,0.8848237657515067,0.7285579641847314,data_full\Rat13\CSV\Thermal_3_CSV.csv
1,Rat13,4,0.7894109637395381,0.9940497904177191,0.9247483623582042,0.9413773477518498,0.2974683544303797,data_full\Rat13\CSV\Thermal_4_CSV.csv
1,Rat13,5,0.7605308709422146,0.9934000790870693,0.8054457619675011,0.905145007461234,0.3381326352530541,data_full\Rat13\CSV\Thermal_5_CSV.csv
1,Rat13,6,0.8888098629021437,0.9934983940326564,0.9114109232769831,0.9455935251798561,0.7047366091190792,data_full\Rat13\CSV\Thermal_6_CSV.csv
1,Rat13,7,0.7890242527479239,0.9935231309282699,0.7296706989247311,0.8318075636088137,0.6010956175298805,data_full\Rat13\CSV\Thermal_7_CSV.csv
1,Rat13,8,0.7979913891675006,0.9918620867139871,0.8005084292213005,0.8490594096215331,0.5505356311131812,data_full\Rat13\CSV\Thermal_8_CSV.csv
1,Rat13,9,0.9032074116825581,0.9969585341153921,0.8378378378378378,0.9255822943848458,0.8524509803921568,data_full\Rat13\CSV\Thermal_9_CSV.csv
1,Rat13,10,0.9291567117265433,0.9970936366297075,0.9369042215161144,0.9374817695673311,0.8451472191930207,data_full\Rat13\CSV\Thermal_10_CSV.csv
1,Rat16,1,0.8938715836710582,0.9905687069697255,0.9215798511734402,0.9578231885320901,0.7055145880089773,data_full\Rat16\CSV\Thermal_1_CSV.csv
1,Rat16,2,0.8842312801417257,0.9918954788738523,0.861862580799617,0.9455827567855242,0.7375843041079092,data_full\Rat16\CSV\Thermal_2_CSV.csv
1,Rat16,3,0.8738522952062617,0.9928438304182027,0.8959681998864282,0.9667853304674906,0.6398118200529256,data_full\Rat16\CSV\Thermal_3_CSV.csv
1,Rat16,4,0.9089165028289445,0.9904008001821311,0.9281476598549769,0.9220741807706158,0.7950433705080545,data_full\Rat16\CSV\Thermal_4_CSV.csv
1,Rat16,5,0.8867747847618976,0.9942012564545754,0.9148766905330151,0.9362713879335965,0.7017498041264038,data_full\Rat16\CSV\Thermal_5_CSV.csv
1,Rat16,6,0.8978881917218651,0.9859444972309184,0.9280639431616341,0.9458330793147595,0.7317112471801482,data_full\Rat16\CSV\Thermal_6_CSV.csv
1,Rat16,7,0.7872894928404598,0.9829329084224452,0.8678167357454912,0.9145556359757724,0.3838526912181303,data_full\Rat16\CSV\Thermal_7_CSV.csv
1,Rat16,8,0.8553301801089856,0.9878801036067734,0.8860103626943006,0.9407169674215817,0.6067132867132867,data_full\Rat16\CSV\Thermal_8_CSV.csv
1,Rat16,9,0.8891584788754858,0.9867315765764061,0.8958050271739131,0.9336159113139876,0.7404814004376368,data_full\Rat16\CSV\Thermal_9_CSV.csv
1,Rat16,10,0.888686672194487,0.9934550743374273,0.9395077592171592,0.9615953982151165,0.660188457008245,data_full\Rat16\CSV\Thermal_10_CSV.csv
1,Rat16,11,0.8799383727887709,0.9899077358138353,0.9635357801439534,0.9765970565370078,0.5897129186602871,data_full\Rat16\CSV\Thermal_11_CSV.csv
1,Rat16,12,0.8770424868937821,0.9863111610817756,0.9458097038437303,0.9506195293850176,0.6254295532646048,data_full\Rat16\CSV\Thermal_12_CSV.csv
1,Rat16,13,0.8676836157940276,0.9953429825462766,0.7931754874651811,0.9578603908500816,0.7243556023145713,data_full\Rat16\CSV\Thermal_13_CSV.csv
1,Rat16,14,0.8023826993822416,0.9962976455107093,0.4297221103503826,0.9052263701350278,0.8782846715328467,data_full\Rat16\CSV\Thermal_14_CSV.csv
1,Rat16,15,0.9060330767799182,0.994855903986494,0.867167491890046,0.9620313467676623,0.8000775644754702,data_full\Rat16\CSV\Thermal_15_CSV.csv
1,Rat16,16,0.9553326407463198,0.9969106609171633,0.9609945255474452,0.9622462636627258,0.9011791128579449,data_full\Rat16\CSV\Thermal_16_CSV.csv
1,Rat16,17,0.9440368016496633,0.9973516986758494,0.9253957169459963,0.954994155085076,0.8984056358917315,data_full\Rat16\CSV\Thermal_17_CSV.csv
1,Rat16,18,0.960907104216937,0.9977019917257473,0.9553450608930988,0.9745121951219512,0.9160691691269507,data_full\Rat16\CSV\Thermal_18_CSV.csv
1,Rat16,19,0.958857372296967,0.9968681025953269,0.9602223104406511,0.9793659981613265,0.8989730779905635,data_full\Rat16\CSV\Thermal_19_CSV.csv
1,Rat16,20,0.758455909621219,0.983097751886921,0.9449158636559758,0.9867011968922796,0.11910882604970009,data_full\Rat16\CSV\Thermal_20_CSV.csv
1,Rat16,21,0.7292705724807034,0.9783352717628844,0.8954598033545402,0.9491989550218753,0.09408825978351373,data_full\Rat16\CSV\Thermal_21_CSV.csv
1,Rat16,22,0.7145231483454758,0.9805911578341013,0.8091809180918091,0.942139305671668,0.12618121178432462,data_full\Rat16\CSV\Thermal_22_CSV.csv
1,Rat16,23,0.6894940608774868,0.9710599212713223,0.8785748909355308,0.908341431303094,0.0,data_full\Rat16\CSV\Thermal_23_CSV.csv
1,Rat16,24,0.6650607904533832,0.9562648454883548,0.7524034101215309,0.9515749062036472,0.0,data_full\Rat16\CSV\Thermal_24_CSV.csv
1,Rat16,25,0.9183705863103427,0.9915113952849802,0.9073785582778643,0.9732352868355245,0.8013571048430016,data_full\Rat16\CSV\Thermal_25_CSV.csv
1,Rat16,26,0.9185740985264021,0.9923138139399101,0.8659966499162479,0.9789511163238805,0.8370348139255702,data_full\Rat16\CSV\Thermal_26_CSV.csv
1,Rat16,27,0.9612945755046953,0.9975812874597646,0.9766187050359713,0.9813213034076504,0.8896570061153949,data_full\Rat16\CSV\Thermal_27_CSV.csv
1,Rat16,28,0.9042906347273383,0.9946197377912295,0.847684809098294,0.9726235741444867,0.802234417875343,data_full\Rat16\CSV\Thermal_28_CSV.csv
1,Rat16,29,0.9085216823776663,0.9918606451807843,0.8573730862207897,0.9605068566819037,0.8243461414271877,data_full\Rat16\CSV\Thermal_29_CSV.csv
1,Rat16,30,0.9211857957820064,0.9965560515094904,0.8782608695652174,0.9395348837209302,0.870391378332388,data_full\Rat16\CSV\Thermal_30_CSV.csv
1,Rat16,31,0.6650392058885088,0.9691437555958334,0.7874669686674217,0.9035460992907801,0.0,data_full\Rat16\CSV\Thermal_31_CSV.csv
1,Rat16,32,0.6473260518474748,0.9619915181853967,0.7568624976336215,0.8704501915708812,0.0,data_full\Rat16\CSV\Thermal_32_CSV.csv
1,Rat16,33,0.6608227403192015,0.9812124079205244,0.7677737415672029,0.8943048117890787,0.0,data_full\Rat16\CSV\Thermal_33_CSV.csv
1,Rat16,34,0.6502504985016008,0.9766263727124472,0.7344788304537687,0.889896790840187,0.0,data_full\Rat16\CSV\Thermal_34_CSV.csv
1,Rat16,35,0.8932939049033426,0.9946260220981678,0.7987093409816831,0.9057979641645336,0.8740422923689856,data_full\Rat16\CSV\Thermal_35_CSV.csv
1,Rat16,36,0.9536324903357882,0.9969978712177726,0.9403437815975733,0.9792687523558236,0.8979195561719834,data_full\Rat16\CSV\Thermal_36_CSV.csv
1,Rat16,37,0.9315734372506901,0.996603166983074,0.9467744652181236,0.97712833545108,0.8057877813504823,data_full\Rat16\CSV\Thermal_37_CSV.csv
1,Rat16,38,0.8758673182929739,0.9866430682909378,0.8456288840596287,0.8629705281587394,0.8082267926625903,data_full\Rat16\CSV\Thermal_38_CSV.csv
1,Rat16,39,0.9454085421898475,0.9963050395155496,0.929625601988504,0.974320788891125,0.8813827383642114,data_full\Rat16\CSV\Thermal_39_CSV.csv
1,Rat16,40,0.9593286760091849,0.9977473876963769,0.9663890541344438,0.9811647638932077,0.8920134983127109,data_full\Rat16\CSV\Thermal_40_CSV.csv
1,Rat16,42,0.924176590554146,0.9948228915614336,0.8424672027084215,0.9606725113249645,0.8987437566217648,data_full\Rat16\CSV\Thermal_42_CSV.csv
1,Rat16,43,0.9737395841478464,0.9960370703099174,0.9768157942401738,0.9685738735282835,0.9535315985130112,data_full\Rat16\CSV\Thermal_43_CSV.csv
1,Rat16,44,0.9669624182315415,0.9962237313553983,0.9778465705717326,0.968171591420429,0.9256077795786062,data_full\Rat16\CSV\Thermal_44_CSV.csv
1,Rat16,45,0.9716195051492834,0.996463877445335,0.9805054858934169,0.9734452063033803,0.9360634509550017,data_full\Rat16\CSV\Thermal_45_CSV.csv
1,Rat16,46,0.9421827440524755,0.9938876162872236,0.9355566700100301,0.9609982588508416,0.8782884310618067,data_full\Rat16\CSV\Thermal_46_CSV.csv
1,Rat16,47,0.9331185254753771,0.9966151292802237,0.9201399009035267,0.96673455532926,0.8489845163884979,data_full\Rat16\CSV\Thermal_47_CSV.csv
1,Rat16,48,0.9489784405635531,0.9980470389825621,0.9183113221546223,0.9379386346499623,0.9416167664670658,data_full\Rat16\CSV\Thermal_48_CSV.csv
1,Rat16,49,0.9420143474352863,0.9972060355521853,0.9346888478126926,0.9775250988743535,0.8586374075019138,data_full\Rat16\CSV\Thermal_49_CSV.csv
1,Rat16,50,0.9568920214445938,0.9972530371222016,0.9700236266981689,0.9827404015498415,0.8775510204081632,data_full\Rat16\CSV\Thermal_50_CSV.csv
1,Rat16,51,0.9553377357994622,0.9968543427134262,0.9783957710871064,0.9824400671858299,0.8636607622114868,data_full\Rat16\CSV\Thermal_51_CSV.csv
1,Rat16,52,0.9331616558794971,0.9961754559613397,0.8817494600431965,0.9501685877832666,0.9045531197301855,data_full\Rat16\CSV\Thermal_52_CSV.csv
1,Rat16,53,0.9381502314926071,0.9938334967812837,0.9445676274944568,0.9664567071516832,0.8477430945430047,data_full\Rat16\CSV\Thermal_53_CSV.csv
1,Rat16,54,0.9363581630108635,0.9946677426117776,0.9330239200285613,0.9606879606879607,0.8570530287151541,data_full\Rat16\CSV\Thermal_54_CSV.csv
1,Rat16,55,0.9149678434166014,0.9946627654373629,0.9577026453529495,0.9691882058667475,0.7383177570093458,data_full\Rat16\CSV\Thermal_55_CSV.csv
1,Rat16,56,0.9151961035720815,0.9959458614308682,0.931214000886132,0.9558467741935484,0.7777777777777778,data_full\Rat16\CSV\Thermal_56_CSV.csv
1,Rat16,57,0.9543934507960401,0.9966204659170792,0.9279085872576177,0.9361359181006317,0.9569088319088319,data_full\Rat16\CSV\Thermal_57_CSV.csv
1,Rat16,58,0.9451237288696419,0.9959867845315795,0.8868231466418778,0.9551245429616088,0.9425604413435016,data_full\Rat16\CSV\Thermal_58_CSV.csv
1,Rat16,59,0.951382354430551,0.996253424435036,0.9107766729373824,0.9712900180242039,0.9272093023255814,data_full\Rat16\CSV\Thermal_59_CSV.csv
1,Rat16,60,0.9559195532174909,0.9919807845458688,0.9351478494623656,0.9563229499665452,0.9402266288951842,data_full\Rat16\CSV\Thermal_60_CSV.csv
1,Rat16,61,0.9449788162027263,0.9947906891093177,0.9602434077079107,0.924132713714471,0.900748454279206,data_full\Rat16\CSV\Thermal_61_CSV.csv
1,Rat16,62,0.9654119543794691,0.9966518312849618,0.9706061714843274,0.9747800586510263,0.919609756097561,data_full\Rat16\CSV\Thermal_62_CSV.csv
1,Rat16,63,0.9662422806706108,0.9967575028530891,0.9530897146376514,0.9738393071926871,0.9412825979990159,data_full\Rat16\CSV\Thermal_63_CSV.csv
1,Rat16,64,0.9673389400836304,0.9969054153328487,0.9650503413956718,0.9807152762101325,0.9266847273958686,data_full\Rat16\CSV\Thermal_64_CSV.csv
1,Rat16,66,0.9437590137676755,0.9969221067265763,0.9280847842543528,0.9508695002242264,0.8991596638655462,data_full\Rat16\CSV\Thermal_66_CSV.csv
1,Rat16,67,0.8915791943976805,0.9938555373581069,0.884575317730398,0.910484204199692,0.7774017183025254,data_full\Rat16\CSV\Thermal_67_CSV.csv
1,Rat16,68,0.8935971047345392,0.9921687449015266,0.913563829787234,0.9505881117412308,0.7180677325081657,data_full\Rat16\CSV\Thermal_68_CSV.csv
1,Rat16,69,0.9698060913080071,0.9984605418310454,0.982635342185904,0.9831531658009266,0.9149753154141524,data_full\Rat16\CSV\Thermal_69_CSV.csv
1,Rat16,70,0.9206131223724822,0.9961161139175635,0.9554460424419189,0.9710910230018795,0.7597993101285669,data_full\Rat16\CSV\Thermal_70_CSV.csv
1,Rat16,71,0.9476900553538669,0.9970419177441058,0.9786835811583654,0.9811699265946291,0.8338647959183674,data_full\Rat16\CSV\Thermal_71_CSV.csv
1,Rat16,72,0.9377466785185328,0.9956682916732886,0.885519801980198,0.9632421889651551,0.9065564314554894,data_full\Rat16\CSV\Thermal_72_CSV.csv
1,Rat16,73,0.954137166542379,0.996707158571916,0.944161545215101,0.9691977691977692,0.9064821931847297,data_full\Rat16\CSV\Thermal_73_CSV.csv
1,Rat16,74,0.9389745730440651,0.9930145701777713,0.9544587092297016,0.9813686140429116,0.827056398725876,data_full\Rat16\CSV\Thermal_74_CSV.csv
1,Rat16,75,0.9556227208896194,0.9951664791366223,0.9634449977365324,0.9739589822821401,0.889920424403183,data_full\Rat16\CSV\Thermal_75_CSV.csv
1,Rat16,76,0.9471433333171,0.9955214639770734,0.9486432980086177,0.9643642253847043,0.8800443458980044,data_full\Rat16\CSV\Thermal_76_CSV.csv
1,Rat16,77,0.9574891650386118,0.9979273304015572,0.9487717195925705,0.9712550220011479,0.9120025881591718,data_full\Rat16\CSV\Thermal_77_CSV.csv
1,Rat16,78,0.9327843513459186,0.9964054742858827,0.9088603703988319,0.9295904279797514,0.8962811327192085,data_full\Rat16\CSV\Thermal_78_CSV.csv
1,Rat16,79,0.9202427111770837,0.9936294250757488,0.9661031642826181,0.9772347664707702,0.7440034888791975,data_full\Rat16\CSV\Thermal_79_CSV.csv
1,Rat16,80,0.9442970034729162,0.9975286895980989,0.9313921021140805,0.9544243347060248,0.8938428874734607,data_full\Rat16\CSV\Thermal_80_CSV.csv
1,Rat16,81,0.9283628166873281,0.9953537972250902,0.9676037203469537,0.982410795206606,0.7680829539706626,data_full\Rat16\CSV\Thermal_81_CSV.csv
1,Rat16,82,0.9349567211677375,0.9978964501233428,0.8388549372788678,0.9635975201072386,0.9394779771615008,data_full\Rat16\CSV\Thermal_82_CSV.csv
1,Rat16,83,0.9504155054578879,0.9966987831561168,0.9340200174910116,0.9796810852620932,0.8912621359223301,data_full\Rat16\CSV\Thermal_83_CSV.csv
1,Rat16,84,0.9370405038607892,0.9967107591484613,0.9462841530054645,0.9743002956782373,0.8308668076109936,data_full\Rat16\CSV\Thermal_84_CSV.csv
1,Rat16,85,0.9613706536362716,0.9974551145377928,0.9565305707901686,0.9751958829802031,0.916301046236922,data_full\Rat16\CSV\Thermal_85_CSV.csv
1,Rat16,86,0.9573161016620744,0.9983663176360945,0.9594303692664349,0.9818196158851599,0.8896481038606081,data_full\Rat16\CSV\Thermal_86_CSV.csv
1,Rat16,92,0.9054917375052064,0.9948346949097987,0.890868870591127,0.9333880734886585,0.8028753110312413,data_full\Rat16\CSV\Thermal_92_CSV.csv
1,Rat16,93,0.9341281158609582,0.9952768729641693,0.9562758320643898,0.9805959437548177,0.804363814660456,data_full\Rat16\CSV\Thermal_93_CSV.csv
1,Rat16,94,0.916314965693392,0.995629367333009,0.9094480049617532,0.9631961891089432,0.796986301369863,data_full\Rat16\CSV\Thermal_94_CSV.csv
1,Rat16,95,0.9200327873973414,0.9949070328433,0.9371794871794872,0.9686113838756645,0.7794332456909144,data_full\Rat16\CSV\Thermal_95_CSV.csv
1,Rat16,96,0.9462249169055671,0.9953016121412542,0.9613733905579399,0.9834840309173107,0.8447406340057637,data_full\Rat16\CSV\Thermal_96_CSV.csv
1,Rat16,97,0.9312724088075373,0.994336742297607,0.8718936381709742,0.9631617319454008,0.8956975228161669,data_full\Rat16\CSV\Thermal_97_CSV.csv
1,Rat16,98,0.9156466794602798,0.9957320577711033,0.9117926771279125,0.9460732188971593,0.8089887640449438,data_full\Rat16\CSV\Thermal_98_CSV.csv
1,Rat16,99,0.9158610848419102,0.9950132808441202,0.9457482054113749,0.9437265527303043,0.7789563003818413,data_full\Rat16\CSV\Thermal_99_CSV.csv
1,Rat16,100,0.9481508815767786,0.9968362050761497,0.9609944277753965,0.9606838246296573,0.874089068825911,data_full\Rat16\CSV\Thermal_100_CSV.csv
1,Rat16,101,0.9584504161685672,0.997085575079813,0.9243502250617105,0.9765480591497228,0.9358178053830227,data_full\Rat16\CSV\Thermal_101_CSV.csv
1,Rat16,102,0.9208852824717593,0.9977740514842728,0.9336516712741895,0.9608174720253301,0.7912979351032449,data_full\Rat16\CSV\Thermal_102_CSV.csv
1,Rat16,103,0.9506008723909689,0.9969739791803849,0.9179111314704536,0.9567567567567568,0.9307616221562809,data_full\Rat16\CSV\Thermal_103_CSV.csv
1,Rat16,104,0.8815182777921912,0.99396458507481,0.8674639980473517,0.9253637534961189,0.7392807745504841,data_full\Rat16\CSV\Thermal_104_CSV.csv
1,Rat16,105,0.8766283203421515,0.9930093910633084,0.9358799454297408,0.9324909428293717,0.6451330020461853,data_full\Rat16\CSV\Thermal_105_CSV.csv
1,Rat16,106,0.7874439266453716,0.9938760794367943,0.8777946191739295,0.9233291795107235,0.35477582846003897,data_full\Rat16\CSV\Thermal_106_CSV.csv
1,Rat16,107,0.8038505116051484,0.9945850591119356,0.8731796116504854,0.9533927713416261,0.3942446043165468,data_full\Rat16\CSV\Thermal_107_CSV.csv
1,Rat16,108,0.864618335472312,0.994366374786282,0.9077341688654353,0.94046370732844,0.615909090909091,data_full\Rat16\CSV\Thermal_108_CSV.csv
1,Rat16,109,0.8151120589849477,0.9931393830945012,0.8339642574170262,0.900277573679484,0.5330670217487794,data_full\Rat16\CSV\Thermal_109_CSV.csv
1,Rat16,110,0.9444762066012765,0.9941871560193278,0.9644657042794909,0.9710884896448287,0.8481634764614588,data_full\Rat16\CSV\Thermal_110_CSV.csv
1,Rat16,111,0.9354778742766606,0.9958431681564993,0.9370725034199726,0.9665767454620273,0.8424190800681431,data_full\Rat16\CSV\Thermal_111_CSV.csv
1,Rat16,112,0.944176610543195,0.9976656631865121,0.9569324812447902,0.9701555275325767,0.851952770208901,data_full\Rat16\CSV\Thermal_112_CSV.csv
1,Rat16,113,0.9520187991809297,0.9971966796854365,0.9287640449438203,0.9622178312675888,0.9198966408268734,data_full\Rat16\CSV\Thermal_113_CSV.csv
1,Rat16,114,0.9418258946316768,0.9967756113855729,0.9619000494804553,0.9662988368625112,0.8423290807981682,data_full\Rat16\CSV\Thermal_114_CSV.csv
1,Rat16,115,0.9484308208293919,0.9968925990982018,0.9745069745069745,0.9802738676625491,0.842049842049842,data_full\Rat16\CSV\Thermal_115_CSV.csv
1,Rat16,116,0.836264370104119,0.9955348961784068,0.9011636927851048,0.9450694177687538,0.5032894736842105,data_full\Rat16\CSV\Thermal_116_CSV.csv
1,Rat16,117,0.7786354006208498,0.9953449185272243,0.9294665809768637,0.9565462464770689,0.23318385650224216,data_full\Rat16\CSV\Thermal_117_CSV.csv
1,Rat16,118,0.7370569678967541,0.9956044728883888,0.9261480787253983,0.9591970325114554,0.0672782874617737,data_full\Rat16\CSV\Thermal_118_CSV.csv
1,Rat16,119,0.7072897235712144,0.9929414205882984,0.8872458410351202,0.9489716326614394,0.0,data_full\Rat16\CSV\Thermal_119_CSV.csv
1,Rat16,120,0.7042848794141072,0.9912484767918467,0.8764440963383591,0.9494469445262228,0.0,data_full\Rat16\CSV\Thermal_120_CSV.csv
1,Rat16,121,0.9149710853035472,0.9972852316602316,0.9713248184322565,0.9777028625502721,0.7135714285714285,data_full\Rat16\CSV\Thermal_121_CSV.csv
1,Rat25,1,0.8479985769757808,0.9947471082203274,0.8544317928108953,0.9262516914749662,0.6165637153969343,data_full\Rat25\CSV\Thermal_1_CSV.csv
1,Rat25,2,0.901219073007576,0.9939185626253334,0.9237896928682977,0.9514773725834798,0.7356906639531926,data_full\Rat25\CSV\Thermal_2_CSV.csv
1,Rat25,3,0.9071730566832855,0.9916834792105942,0.8868229020488353,0.9630193905817175,0.7871664548919949,data_full\Rat25\CSV\Thermal_3_CSV.csv
1,Rat25,4,0.9114293517164611,0.995508609118862,0.9380025940337224,0.9570876692305015,0.7551185344827587,data_full\Rat25\CSV\Thermal_4_CSV.csv
1,Rat25,5,0.8689369421138131,0.995003654491276,0.9118778412402377,0.950778715120052,0.6180875576036866,data_full\Rat25\CSV\Thermal_5_CSV.csv
1,Rat25,6,0.7007057520669797,0.9854954999942381,0.8714728429293753,0.9458546653443054,0.0,data_full\Rat25\CSV\Thermal_6_CSV.csv
1,Rat25,7,0.6882363726604865,0.9838718901915928,0.8456020495303159,0.9234715509200373,0.0,data_full\Rat25\CSV\Thermal_7_CSV.csv
1,Rat25,8,0.9589500767400363,0.9934384535217521,0.9334331077563769,0.9499786689419796,,data_full\Rat25\CSV\Thermal_8_CSV.csv
1,Rat25,9,0.8729777202805336,0.992872716004294,0.9138715398257383,0.9516143538087958,0.633552271483306,data_full\Rat25\CSV\Thermal_9_CSV.csv
1,Rat25,10,0.8212520419356172,0.9910570286689089,0.8640386990531083,0.9286778721192168,0.5012345679012346,data_full\Rat25\CSV\Thermal_10_CSV.csv
1,Rat25,11,0.7963355887539252,0.9902315484804631,0.9219529579472558,0.9448791600633915,0.3282786885245902,data_full\Rat25\CSV\Thermal_11_CSV.csv
1,Rat25,12,0.6970279487289697,0.9919637756586164,0.8560707885304659,0.9400772307267963,0.0,data_full\Rat25\CSV\Thermal_12_CSV.csv
1,Rat25,13,0.8592658062870935,0.9915724683555884,0.9240162822252375,0.9671204620462046,0.5543540125213432,data_full\Rat25\CSV\Thermal_13_CSV.csv
1,Rat25,14,0.9426396509657681,0.9968856845547792,0.9140693784116922,0.9777643423350799,0.8818391985615207,data_full\Rat25\CSV\Thermal_14_CSV.csv
1,Rat25,15,0.8787917936674643,0.9947188186336839,0.8588235294117647,0.9631596554319646,0.6984651711924439,data_full\Rat25\CSV\Thermal_15_CSV.csv
1,Rat25,16,0.9501955170829457,0.9968822350269615,0.9705263157894737,0.9789046359056146,0.8544688816097332,data_full\Rat25\CSV\Thermal_16_CSV.csv
1,Rat25,17,0.9460567775237353,0.9965428093861963,0.9566469489414695,0.9765051880245853,0.85453216374269,data_full\Rat25\CSV\Thermal_17_CSV.csv
1,Rat25,18,0.8853014997890506,0.9918194122123953,0.9627217971675077,0.9714969701503703,0.6151678196259288,data_full\Rat25\CSV\Thermal_18_CSV.csv
1,Rat25,19,0.9241785829396699,0.9956611903413672,0.9666775920463236,0.9824911272604361,0.7518844221105527,data_full\Rat25\CSV\Thermal_19_CSV.csv
1,Rat25,20,0.8705341989010942,0.9915355699902318,0.9507145719246695,0.9748298355076574,0.5650568181818182,data_full\Rat25\CSV\Thermal_20_CSV.csv
1,Rat25,21,0.8315959668725768,0.9875416603776663,0.9411913494372075,0.9704512149778002,0.4271996426976329,data_full\Rat25\CSV\Thermal_21_CSV.csv
1,Rat25,22,0.8727058297036663,0.9862273255977752,0.9622641509433962,0.9764279927081223,0.5659038495653717,data_full\Rat25\CSV\Thermal_22_CSV.csv
1,Rat25,23,0.8980699467209634,0.9885444269868443,0.9285600889030005,0.9770850637611765,0.6980902072328322,data_full\Rat25\CSV\Thermal_23_CSV.csv
1,Rat25,24,0.9060883383071877,0.9912684910825944,0.9384651380439869,0.9746560217428232,0.7199637023593466,data_full\Rat25\CSV\Thermal_24_CSV.csv
1,Rat25,25,0.9048085769618653,0.9918318280066396,0.9290237918639813,0.9637157240788347,0.7346629638980056,data_full\Rat25\CSV\Thermal_25_CSV.csv
1,Rat25,26,0.9397726098951191,0.9963317701743254,0.9412764149941595,0.967983032016968,0.8534992223950233,data_full\Rat25\CSV\Thermal_26_CSV.csv
1,Rat25,27,0.8437247527279159,0.9928103489638118,0.7317777777777777,0.9479539818131717,0.7023569023569024,data_full\Rat25\CSV\Thermal_27_CSV.csv
1,Rat25,28,0.8969248994518844,0.9949294372211478,0.9082439299830605,0.9491280005148336,0.7353982300884956,data_full\Rat25\CSV\Thermal_28_CSV.csv
1,Rat25,29,0.7611771806620814,0.9859535261942571,0.904127100073046,0.9845063458051755,0.17012175057584733,data_full\Rat25\CSV\Thermal_29_CSV.csv
1,Rat25,30,0.7032405781045414,0.9891305483847368,0.7984880699267659,0.9389484607402283,0.08639523336643495,data_full\Rat25\CSV\Thermal_30_CSV.csv
1,Rat25,31,0.6742020279556757,0.9836735689543418,0.8071979434447301,0.9059365994236311,0.0,data_full\Rat25\CSV\Thermal_31_CSV.csv
1,Rat25,32,0.6198322170933626,0.9608932655977832,0.7335725677830941,0.7848630349925731,0.0,data_full\Rat25\CSV\Thermal_32_CSV.csv
1,Rat25,35,0.6743500253003427,0.9942399253377664,0.0,0.9355172190993086,0.7676429567642957,data_full\Rat25\CSV\Thermal_35_CSV.csv
1,Rat25,36,0.9191850939300501,0.9952448181419403,0.92302192564347,0.9696139060671903,0.7888597258675999,data_full\Rat25\CSV\Thermal_36_CSV.csv
1,Rat25,37,0.8817355023326306,0.9924785009274821,0.9605084536591386,0.9812727189067317,0.5926823358371699,data_full\Rat25\CSV\Thermal_37_CSV.csv
1,Rat25,38,0.9591224603953221,0.9980879817545026,0.9763014763014763,0.9845569133070335,0.877543470218276,data_full\Rat25\CSV\Thermal_38_CSV.csv
1,Rat25,39,0.9245569414645453,0.9966968795901551,0.9129976580796253,0.9586648983200707,0.8298683298683299,data_full\Rat25\CSV\Thermal_39_CSV.csv
1,Rat25,40,0.9255316994406254,0.9961473112344837,0.925936048100574,0.9764322586104764,0.8036111798169676,data_full\Rat25\CSV\Thermal_40_CSV.csv
1,Rat25,41,0.969081812139828,0.997876566393413,0.9585045997259738,0.980640425727131,0.9393056567127943,data_full\Rat25\CSV\Thermal_41_CSV.csv
1,Rat25,42,0.9632034889920325,0.9977136795127394,0.9716092091136824,0.9828990594482696,0.9005920078934386,data_full\Rat25\CSV\Thermal_42_CSV.csv
1,Rat25,43,0.951119614017559,0.9971619228995253,0.964209297801984,0.9818942593461598,0.861212976022567,data_full\Rat25\CSV\Thermal_43_CSV.csv
1,Rat25,44,0.9151155913067195,0.9956434489424021,0.9347609561752988,0.9708284255987436,0.7592295345104334,data_full\Rat25\CSV\Thermal_44_CSV.csv
1,Rat25,45,0.9456411891972053,0.9959404499832096,0.9831141130465695,0.9811822698642463,0.8223279238947957,data_full\Rat25\CSV\Thermal_45_CSV.csv
1,Rat25,46,0.9447277706671043,0.9954579750076014,0.9823133353431815,0.9787278780445068,0.8224118942731278,data_full\Rat25\CSV\Thermal_46_CSV.csv
1,Rat25,47,0.9507024947429732,0.9966713756277117,0.9654840649428743,0.9649258685549901,0.8757286698463169,data_full\Rat25\CSV\Thermal_47_CSV.csv
1,Rat25,48,0.9661971614725167,0.9975469095022136,0.9764509990485252,0.969630327783014,0.921160409556314,data_full\Rat25\CSV\Thermal_48_CSV.csv
1,Rat25,49,0.967889538289732,0.9972283663960657,0.9771782315439342,0.9816282837634533,0.9155232714554749,data_full\Rat25\CSV\Thermal_49_CSV.csv
1,Rat25,50,0.9416899940273994,0.9965884861407249,0.9561658304726697,0.9791640305369269,0.834841628959276,data_full\Rat25\CSV\Thermal_50_CSV.csv
1,Rat25,51,0.8993479581575734,0.9940456153736825,0.8635485429077443,0.905306933608126,0.8344907407407407,data_full\Rat25\CSV\Thermal_51_CSV.csv
1,Rat25,52,0.926043479293881,0.9966106773027733,0.8894765927212441,0.9361694358225305,0.881917211328976,data_full\Rat25\CSV\Thermal_52_CSV.csv
1,Rat25,53,0.8951938485199142,0.9953604841741771,0.9203278134504901,0.9433170048985304,0.7217700915564598,data_full\Rat25\CSV\Thermal_53_CSV.csv
1,Rat25,54,0.9127090760915602,0.9916305496724912,0.9317338609943111,0.9685108547383996,0.758961038961039,data_full\Rat25\CSV\Thermal_54_CSV.csv
1,Rat25,55,0.9178051813893751,0.9952799708851076,0.9401784408366243,0.9750721412926329,0.7606901725431358,data_full\Rat25\CSV\Thermal_55_CSV.csv
1,Rat25,56,0.8558630726286497,0.998101535374243,0.6743182264076908,0.8911988277314773,0.8598337010011878,data_full\Rat25\CSV\Thermal_56_CSV.csv
1,Rat25,57,0.972952657670049,0.9980146460537022,0.964516129032258,0.9844771241830066,0.9448027314112292,data_full\Rat25\CSV\Thermal_57_CSV.csv
1,Rat25,58,0.9460537412660125,0.9970672760256255,0.9190966266437964,0.9687964338781575,0.8992546285164703,data_full\Rat25\CSV\Thermal_58_CSV.csv
1,Rat25,59,0.9681242832084533,0.9977106956300166,0.9701950202379492,0.9783761391880696,0.9262152777777778,data_full\Rat25\CSV\Thermal_59_CSV.csv
1,Rat25,60,0.9680445274560467,0.9975385881555033,0.9809549118611037,0.9829031176667784,0.9107814921408014,data_full\Rat25\CSV\Thermal_60_CSV.csv
1,Rat25,61,0.9503087000881913,0.9971361054163602,0.9605700712589074,0.9640513729514569,0.8794772507260407,data_full\Rat25\CSV\Thermal_61_CSV.csv
1,Rat25,62,0.9442894170583922,0.9964065218508431,0.9638061267310113,0.9722871002515271,0.8446579194001874,data_full\Rat25\CSV\Thermal_62_CSV.csv
1,Rat25,63,0.9515573600392089,0.9968237825728098,0.9700407213496218,0.9705790853739834,0.8687858508604207,data_full\Rat25\CSV\Thermal_63_CSV.csv
1,Rat25,64,0.9365726811862745,0.996215829712337,0.9144697122157376,0.9724012743572645,0.8632039084597583,data_full\Rat25\CSV\Thermal_64_CSV.csv
1,Rat25,65,0.9661967871881927,0.9967388439088684,0.9413674173260296,0.9782516409234889,0.9484292465943842,data_full\Rat25\CSV\Thermal_65_CSV.csv
1,Rat25,66,0.9447840131746089,0.9953395072850227,0.9739782564928529,0.9727586683243542,0.837059620596206,data_full\Rat25\CSV\Thermal_66_CSV.csv
1,Rat25,67,0.9346971845638132,0.9967966322387853,0.8891033063167374,0.9306665774775076,0.9222222222222223,data_full\Rat25\CSV\Thermal_67_CSV.csv
1,Rat25,68,0.8864415283528576,0.9974027407339281,0.7730217660333406,0.8317656418175863,0.9435759648265755,data_full\Rat25\CSV\Thermal_68_CSV.csv
1,Rat25,69,0.964844676115279,0.9971920410276244,0.9723658604392549,0.9807668038062546,0.9090539991879821,data_full\Rat25\CSV\Thermal_69_CSV.csv
1,Rat25,70,0.9341992787370075,0.9960242381326458,0.9257357973990418,0.9689003120984028,0.8461367673179396,data_full\Rat25\CSV\Thermal_70_CSV.csv
1,Rat25,71,0.9487397763417817,0.9953712424984525,0.9291355857832383,0.9678318804848698,0.9026203966005666,data_full\Rat25\CSV\Thermal_71_CSV.csv
1,Rat25,72,0.9869988857688797,0.9976102187048183,0.9775625601539942,0.9858238784478264,,data_full\Rat25\CSV\Thermal_72_CSV.csv
1,Rat25,73,0.9306731137962079,0.9960435885332074,0.9572840025225983,0.9666107126506943,0.8027541514783313,data_full\Rat25\CSV\Thermal_73_CSV.csv
1,Rat25,74,0.9547190931767725,0.9971561232569638,0.9596453256999232,0.9639524245196707,0.8981224992305324,data_full\Rat25\CSV\Thermal_74_CSV.csv
1,Rat25,75,0.9618704615114397,0.9961369449230045,0.9798765149782758,0.9768996960486322,0.8945686900958466,data_full\Rat25\CSV\Thermal_75_CSV.csv
1,Rat25,76,0.9505499797433785,0.9969653046621287,0.9652333028362305,0.97027468305801,0.8697266284171448,data_full\Rat25\CSV\Thermal_76_CSV.csv
1,Rat25,77,0.9065001519948992,0.9966507366578673,0.8768235716852317,0.8711530841368379,0.8813732154996601,data_full\Rat25\CSV\Thermal_77_CSV.csv
1,Rat25,78,0.9528488168184461,0.9956010554258996,0.9383600917431193,0.9809248798583593,0.8965092402464065,data_full\Rat25\CSV\Thermal_78_CSV.csv
1,Rat25,79,0.9127267150135808,0.9964535492042513,0.8362068965517241,0.9676577013466632,0.8505887129516849,data_full\Rat25\CSV\Thermal_79_CSV.csv
1,Rat25,81,0.9686625802348074,0.9979339147887428,0.9770448796027359,0.9863025425905316,0.9133689839572192,data_full\Rat25\CSV\Thermal_81_CSV.csv
1,Rat25,82,0.968644363353675,0.9978574023412884,0.9729410696449651,0.9862883574939082,0.9174906239345381,data_full\Rat25\CSV\Thermal_82_CSV.csv
1,Rat25,83,0.9485035397252397,0.997490890676698,0.947005299470053,0.9724500851261415,0.8770678836280662,data_full\Rat25\CSV\Thermal_83_CSV.csv
1,Rat25,84,0.8786374374422399,0.9961472700330559,0.7892873997168476,0.9449585694353484,0.7841565105837075,data_full\Rat25\CSV\Thermal_84_CSV.csv
1,Rat25,85,0.8715793172334539,0.9952514282813373,0.7702775844738267,0.914469140854797,0.8063191153238547,data_full\Rat25\CSV\Thermal_85_CSV.csv
1,Rat25,86,0.67966989150493,0.9865555981638766,0.8455330330330331,0.8865909348228102,0.0,data_full\Rat25\CSV\Thermal_86_CSV.csv
1,Rat25,87,0.9055881837683366,0.9943444514689193,0.8680734536082474,0.9625641025641025,0.7973707274320772,data_full\Rat25\CSV\Thermal_87_CSV.csv
1,Rat25,88,0.9481366022554643,0.9951440400531933,0.9104141396638364,0.9836228446894429,0.9033653846153846,data_full\Rat25\CSV\Thermal_88_CSV.csv
1,Rat25,89,0.9150464761817536,0.9947267279990316,0.9087392123797242,0.9655919542088414,0.791128010139417,data_full\Rat25\CSV\Thermal_89_CSV.csv
1,Rat25,90,0.8757977893443413,0.9906365258774539,0.8524697953480727,0.9536705354157711,0.7064143007360673,data_full\Rat25\CSV\Thermal_90_CSV.csv
1,Rat25,91,0.9248343845851617,0.9956823108881171,0.8920358945597308,0.9687362041979372,0.8428831286948613,data_full\Rat25\CSV\Thermal_91_CSV.csv
1,Rat25,92,0.9481335013716472,0.9951429374685568,0.9628210586064992,0.9616955154844072,0.8728744939271255,data_full\Rat25\CSV\Thermal_92_CSV.csv
1,Rat25,93,0.9052119663204976,0.9901330114369972,0.8695767899920149,0.9360590332944957,0.8250790305584826,data_full\Rat25\CSV\Thermal_93_CSV.csv
1,Rat25,94,0.9251190776200827,0.9949652674259137,0.9718659906551347,0.9744970458454865,0.7591480065537958,data_full\Rat25\CSV\Thermal_94_CSV.csv
1,Rat25,95,0.9286925373354655,0.9953957683864898,0.973384424192212,0.972031940334806,0.7739580164283542,data_full\Rat25\CSV\Thermal_95_CSV.csv
1,Rat25,96,0.9435760811476553,0.9946220806242837,0.9105141090065714,0.9733817084560672,0.8957864265036989,data_full\Rat25\CSV\Thermal_96_CSV.csv
1,Rat25,97,0.9544031221322824,0.9966829357157496,0.9587417572625201,0.9744586713146075,0.8877291242362525,data_full\Rat25\CSV\Thermal_97_CSV.csv
1,Rat25,98,0.6980946015169662,0.9746132443369562,0.854364949130292,0.8189030825781562,0.1444971300224607,data_full\Rat25\CSV\Thermal_98_CSV.csv
1,Rat25,99,0.7407264450933205,0.97789590424108,0.8937455937153792,0.9665406272952314,0.12472365512159175,data_full\Rat25\CSV\Thermal_99_CSV.csv
1,Rat25,100,0.7373370590337851,0.9830972353387775,0.8537693006357856,0.9044368600682594,0.20804484009231783,data_full\Rat25\CSV\Thermal_100_CSV.csv
1,Rat25,101,0.759511424514415,0.987231807951988,0.9446695542825206,0.9465301478953356,0.15961418792781581,data_full\Rat25\CSV\Thermal_101_CSV.csv
1,Rat25,102,0.7526450551425037,0.9858006619860331,0.9407962593687684,0.9641498172051033,0.11983348201011002,data_full\Rat25\CSV\Thermal_102_CSV.csv
1,Rat25,103,0.7166116218528209,0.9766505218029832,0.8890954828830799,0.8850089933635179,0.11569148936170212,data_full\Rat25\CSV\Thermal_103_CSV.csv
1,Rat25,104,0.7050705887663766,0.9793847492956456,0.9226346706661668,0.9182629351036941,0.0,data_full\Rat25\CSV\Thermal_104_CSV.csv
1,Rat25,105,0.709345946453632,0.9826260452395364,0.9278051413534849,0.9269525992215067,0.0,data_full\Rat25\CSV\Thermal_105_CSV.csv
1,Rat25,107,0.6801026312639915,0.968841162112282,0.8221379156438295,0.9294314472998546,0.0,data_full\Rat25\CSV\Thermal_107_CSV.csv
1,Rat25,108,0.9197433748440225,0.9962691610057972,0.9408350078142442,0.9647876286505407,0.7770817019055077,data_full\Rat25\CSV\Thermal_108_CSV.csv
1,Rat25,109,0.9272611268349604,0.9943895066871123,0.969226100151745,0.9809029066171924,0.764525993883792,data_full\Rat25\CSV\Thermal_109_CSV.csv
1,Rat25,110,0.9408256774531775,0.9962650381869662,0.9624786810687891,0.978810860881144,0.8257481296758105,data_full\Rat25\CSV\Thermal_110_CSV.csv
1,Rat25,111,0.9592601244764055,0.9958290495415298,0.9735414534288639,0.9811786485652576,0.8864913463699707,data_full\Rat25\CSV\Thermal_111_CSV.csv
1,Rat25,112,0.9470353469762578,0.9960125885497104,0.9767441860465116,0.9826299836791793,0.8327546296296297,data_full\Rat25\CSV\Thermal_112_CSV.csv
1,Rat25,113,0.9487201358923152,0.9960264546423618,0.9661016949152542,0.9863150475742981,0.8464373464373465,data_full\Rat25\CSV\Thermal_113_CSV.csv
1,Rat25,119,0.8209055942269537,0.9907467452434857,0.73109108464757,0.9396811602074903,0.6221033868092691,data_full\Rat25\CSV\Thermal_119_CSV.csv
1,Rat25,120,0.8812301427348164,0.9935679869966524,0.9339644247652492,0.9738757177781568,0.6235124413992066,data_full\Rat25\CSV\Thermal_120_CSV.csv
1,Rat25,121,0.848879341083274,0.9871303884842838,0.9322164948453608,0.9724913924679658,0.5036790885354854,data_full\Rat25\CSV\Thermal_121_CSV.csv
1,Rat25,122,0.8673219027027868,0.9905068148042779,0.9631053036126057,0.9790036554786864,0.5366718369155772,data_full\Rat25\CSV\Thermal_122_CSV.csv
1,Rat25,123,0.9420977650243151,0.9956100751584025,0.957202423098104,0.9786332574031891,0.8369453044375645,data_full\Rat25\CSV\Thermal_123_CSV.csv
1,Rat25,124,0.9354086256025254,0.9960280638225643,0.961510454592739,0.9885699441485907,0.7955260398462076,data_full\Rat25\CSV\Thermal_124_CSV.csv
1,Rat25,125,0.8870811437488364,0.9882073255913697,0.8763028732145811,0.9458814609998663,0.7379329151895282,data_full\Rat25\CSV\Thermal_125_CSV.csv
1,Rat25,126,0.9580105722828152,0.9952394065321517,0.9676633444075304,0.9836550494899313,0.8854844887016469,data_full\Rat25\CSV\Thermal_126_CSV.csv
1,Rat25,127,0.8848664467492225,0.988051185488416,0.9083768344331724,0.9306367116663309,0.712401055408971,data_full\Rat25\CSV\Thermal_127_CSV.csv
1,Rat25,128,0.8547292316641429,0.9810877226089918,0.8921633658675259,0.9235090279044319,0.6221568102756222,data_full\Rat25\CSV\Thermal_128_CSV.csv
1,Rat25,129,0.8461148061739842,0.992734355088424,0.8275144717800289,0.9259522329752287,0.6382581648522551,data_full\Rat25\CSV\Thermal_129_CSV.csv
1,Rat25,130,0.8914240957261135,0.9942454228472579,0.8929951285066353,0.9655634207002104,0.7128924108503505,data_full\Rat25\CSV\Thermal_130_CSV.csv
1,Rat25,131,0.8773965609765538,0.9897623500719498,0.9676303653777936,0.9732334317212846,0.5789600967351874,data_full\Rat25\CSV\Thermal_131_CSV.csv
1,Rat25,133,0.9573892158399274,0.9958005891004585,0.9246575342465754,0.9729024209942709,0.9361963190184049,data_full\Rat25\CSV\Thermal_133_CSV.csv
1,Rat25,134,0.9670695836244152,0.9972215096201282,0.9802679072752065,0.9886452097817625,0.9021437078205637,data_full\Rat25\CSV\Thermal_134_CSV.csv
1,Rat25,135,0.9546141435731965,0.9965459925261408,0.9697279446453845,0.9866309429422861,0.8655516941789748,data_full\Rat25\CSV\Thermal_135_CSV.csv
1,Rat25,136,0.9439309160769963,0.9961363972390609,0.9650204047638877,0.9810070796963407,0.8335597826086957,data_full\Rat25\CSV\Thermal_136_CSV.csv
1,Rat25,137,0.9411089754073096,0.9937436833451495,0.9277346506704305,0.9414695284349052,0.9014880391787531,data_full\Rat25\CSV\Thermal_137_CSV.csv
1,Rat25,138,0.9718666192921894,0.9976940055541414,0.951867816091954,0.98240334121549,0.9555013143071723,data_full\Rat25\CSV\Thermal_138_CSV.csv
1,Rat25,139,0.9484104297946647,0.9947520875073601,0.9652803337013863,0.9850868759818979,0.8485224219880141,data_full\Rat25\CSV\Thermal_139_CSV.csv
1,Rat25,140,0.8998340582096243,0.9820059105870008,0.9447537473233405,0.922433962264151,0.7501426126640046,data_full\Rat25\CSV\Thermal_140_CSV.csv
1,Rat25,141,0.9540464360550727,0.997212689754387,0.9721030042918455,0.9825420704614631,0.8643279797125951,data_full\Rat25\CSV\Thermal_141_CSV.csv
1,Rat25,142,0.9537525227093306,0.9971303142157245,0.9474877219493767,0.9707862728062554,0.8996057818659658,data_full\Rat25\CSV\Thermal_142_CSV.csv
1,Rat25,143,0.9216265301493892,0.9951930270118889,0.9383959246534771,0.9724897223630118,0.7804274465691788,data_full\Rat25\CSV\Thermal_143_CSV.csv
1,Rat25,144,0.9318404458043779,0.992873094712178,0.9637673906515865,0.9857601915443261,0.784961106309421,data_full\Rat25\CSV\Thermal_144_CSV.csv
1,Rat25,145,0.9345612158416922,0.9959607077214148,0.9427699351392598,0.9722303705876602,0.827283849918434,data_full\Rat25\CSV\Thermal_145_CSV.csv
1,Rat25,146,0.9216611913551966,0.9961965041614503,0.9170506912442397,0.9582452659276194,0.8151523040874772,data_full\Rat25\CSV\Thermal_146_CSV.csv
1,Rat25,147,0.9034433681256148,0.9955383394096201,0.8887138516934848,0.9595769400264412,0.7699443413729128,data_full\Rat25\CSV\Thermal_147_CSV.csv
1,Rat25,148,0.8305023786999725,0.9899750104882987,0.9656007751937985,0.9747825725105073,0.3916511566072853,data_full\Rat25\CSV\Thermal_148_CSV.csv
1,Rat25,149,0.9317943831044593,0.9965334203822108,0.914396887159533,0.9606342263531985,0.8556129985228951,data_full\Rat25\CSV\Thermal_149_CSV.csv
1,Rat25,150,0.9317419376093705,0.997357949453307,0.8995476524723132,0.9621021985744403,0.8679599499374218,data_full\Rat25\CSV\Thermal_150_CSV.csv
1,Rat25,151,0.895101667754972,0.9942628404779432,0.9232748538011696,0.9608959757023539,0.7019730010384216,data_full\Rat25\CSV\Thermal_151_CSV.csv
1,Rat25,152,0.9120205567818516,0.9954013772285634,0.9397397854371148,0.9673992263272972,0.7455418381344308,data_full\Rat25\CSV\Thermal_152_CSV.csv
1,Rat25,153,0.8066441470167633,0.9944961147984135,0.902084152575698,0.8771919431279621,0.4528043775649795,data_full\Rat25\CSV\Thermal_153_CSV.csv
1,Rat25,154,0.8860619162794438,0.9970637950630956,0.9344329057218489,0.9548144563963227,0.6579365079365079,data_full\Rat25\CSV\Thermal_154_CSV.csv
1,Rat25,155,0.9313418329679735,0.9951830046523118,0.9536199095022625,0.9630149099002958,0.8135495078170237,data_full\Rat25\CSV\Thermal_155_CSV.csv
1,Rat25,156,0.8778809849377636,0.9954708702652018,0.9170305676855895,0.9547747141896435,0.6442477876106195,data_full\Rat25\CSV\Thermal_156_CSV.csv
1,Rat25,157,0.8959590463616836,0.9959255627573073,0.9243341404358354,0.9679848349218051,0.6955916473317866,data_full\Rat25\CSV\Thermal_157_CSV.csv
1,Rat25,158,0.9304041468430946,0.9977867644975779,0.9493328176368208,0.9744065484311051,0.8000904568068747,data_full\Rat25\CSV\Thermal_158_CSV.csv
1,Rat25,159,0.9479276355194156,0.997333746482527,0.9595971425225436,0.9810626266936947,0.8537170263788969,data_full\Rat25\CSV\Thermal_159_CSV.csv
1,Rat25,160,0.9578267794274806,0.9973980984655936,0.9525965756332249,0.9824513957751134,0.8988610478359909,data_full\Rat25\CSV\Thermal_160_CSV.csv
1,Rat25,161,0.9565268821102323,0.998052627463538,0.9256689791873142,0.9789624983666536,0.9234234234234234,data_full\Rat25\CSV\Thermal_161_CSV.csv
1,Rat25,162,0.9523660041251157,0.9975918556787314,0.9348431174089069,0.9763002170745487,0.900728826338276,data_full\Rat25\CSV\Thermal_162_CSV.csv
1,Rat25,163,0.8970300712202716,0.9928430023461443,0.9523937600860678,0.9835389059562566,0.6593446164926179,data_full\Rat25\CSV\Thermal_163_CSV.csv
1,Rat25,164,0.949387467348406,0.9975377603324204,0.9682039981111286,0.9824781580344645,0.8493299529156103,data_full\Rat25\CSV\Thermal_164_CSV.csv
1,Rat25,165,0.935838712226658,0.9971877995952135,0.9658376214979989,0.9760689776526482,0.8042604501607717,data_full\Rat25\CSV\Thermal_165_CSV.csv
